timestamp,n_txs,total,total_bytes
2025-03-25 08:04:37,0,0,0
2025-03-25 08:04:41,0,0,0
2025-03-25 08:04:45,0,0,0
2025-03-25 08:04:46,1,1,313
2025-03-25 08:04:50,3,3,974
2025-03-25 08:04:54,3,3,1571
2025-03-25 08:04:58,3,3,1372
2025-03-25 08:05:12,2,2,1099
2025-03-25 08:05:14,3,3,1078
2025-03-25 08:05:15,3,3,1103
2025-03-25 08:05:17,4,4,8436
2025-03-25 08:05:17,4,4,8164
2025-03-25 08:05:18,2,2,989
2025-03-25 08:05:20,0,0,0
2025-03-25 08:05:22,2,2,815
2025-03-25 08:05:24,2,2,22979
2025-03-25 08:05:25,1,1,439
2025-03-25 08:05:27,0,0,0
2025-03-25 08:05:29,1,1,457
2025-03-25 08:05:30,1,1,1265
2025-03-25 08:05:32,5,5,2391
2025-03-25 08:05:33,8,8,3868
2025-03-25 08:05:35,7,7,2825
2025-03-25 08:05:37,6,6,63184
2025-03-25 08:05:39,9,9,21752
2025-03-25 08:05:41,2,2,28521
2025-03-25 08:05:43,2,2,980
2025-03-25 08:05:45,11,11,40352
2025-03-25 08:05:47,5,5,32652
2025-03-25 08:05:46,19,19,20009
2025-03-25 08:05:48,31,31,47398
2025-03-25 08:05:50,9,9,15832
2025-03-25 08:05:52,5,5,10333
2025-03-25 08:05:54,3,3,42285
2025-03-25 08:05:56,2,2,1064
2025-03-25 08:05:58,6,6,29862
2025-03-25 08:06:00,11,11,5552
2025-03-25 08:06:02,8,8,35911
2025-03-25 08:06:06,7,7,3316
2025-03-25 08:06:08,8,8,12330
2025-03-25 08:06:10,12,12,12342
2025-03-25 08:06:12,4,4,1497
2025-03-25 08:06:13,8,8,2931
2025-03-25 08:06:16,3,3,32689
2025-03-25 08:06:18,12,12,29016
2025-03-25 08:06:20,4,4,40963
2025-03-25 08:06:22,11,11,8474
2025-03-25 08:06:24,2,2,763
2025-03-25 08:06:26,1,1,663
2025-03-25 08:06:28,6,6,29964
2025-03-25 08:06:30,1,1,27711
2025-03-25 08:06:32,1,1,508
2025-03-25 08:06:30,3,3,1369
2025-03-25 08:06:31,6,6,2765
2025-03-25 08:06:33,5,5,2804
2025-03-25 08:06:34,3,3,1372
2025-03-25 08:06:42,1,1,610
2025-03-25 08:06:44,2,2,1054
2025-03-25 08:06:46,2,2,2757
2025-03-25 08:06:48,5,5,18704
2025-03-25 08:06:49,2,2,881
2025-03-25 08:06:51,6,6,18140
2025-03-25 08:06:53,0,0,0
2025-03-25 08:06:55,6,6,2865
2025-03-25 08:06:56,3,3,1212
2025-03-25 08:06:59,4,4,10337
2025-03-25 08:06:59,3,3,40074
2025-03-25 08:07:02,6,6,41513
2025-03-25 08:07:04,2,2,43102
2025-03-25 08:07:06,1,1,514
2025-03-25 08:07:08,5,5,15859
2025-03-25 08:07:09,6,6,2527
2025-03-25 08:07:11,5,5,10767
2025-03-25 08:07:13,2,2,17192
2025-03-25 08:07:15,2,2,27982
2025-03-25 08:07:17,1,1,444
2025-03-25 08:07:18,0,0,0
2025-03-25 08:07:21,4,4,20891
2025-03-25 08:07:23,4,4,1902
2025-03-25 08:07:24,3,3,29054
2025-03-25 08:07:26,3,3,25192
2025-03-25 08:07:28,6,6,2747
2025-03-25 08:07:29,4,4,1769
2025-03-25 08:07:31,3,3,1268
2025-03-25 08:07:30,4,4,24403
2025-03-25 08:07:32,4,4,2212
2025-03-25 08:07:33,3,3,1541
2025-03-25 08:07:35,1,1,501
2025-03-25 08:07:37,0,0,0
2025-03-25 08:07:39,4,4,1765
2025-03-25 08:07:40,5,5,2324
2025-03-25 08:07:43,21,21,51020
2025-03-25 08:07:44,9,9,4967
2025-03-25 08:07:46,8,8,4365
2025-03-25 08:07:48,3,3,3124
2025-03-25 08:07:50,12,12,38307
2025-03-25 08:07:51,2,2,959
2025-03-25 08:07:53,10,10,4982
2025-03-25 08:07:56,4,4,63476
2025-03-25 08:07:58,4,4,1863
2025-03-25 08:08:00,1,1,334
2025-03-25 08:07:59,4,4,1677
2025-03-25 08:08:01,2,2,789
2025-03-25 08:08:03,4,4,30036
2025-03-25 08:08:05,2,2,955
2025-03-25 08:08:07,4,4,1655
2025-03-25 08:08:13,4,4,18354
2025-03-25 08:08:15,4,4,1522
2025-03-25 08:08:17,3,3,972
2025-03-25 08:08:19,0,0,0
2025-03-25 08:08:21,5,5,2006
2025-03-25 08:08:22,4,4,1577
2025-03-25 08:08:24,5,5,17552
2025-03-25 08:08:26,6,6,34260
2025-03-25 08:08:28,1,1,324
2025-03-25 08:08:30,3,3,9198
2025-03-25 08:08:29,1,1,468
2025-03-25 08:08:32,1,1,39307
2025-03-25 08:08:33,1,1,462
2025-03-25 08:08:35,2,2,634
2025-03-25 08:08:37,1,1,473
2025-03-25 08:08:38,1,1,461
2025-03-25 08:08:40,1,1,490
2025-03-25 08:08:42,1,1,328
2025-03-25 08:08:43,1,1,484
2025-03-25 08:08:45,1,1,547
2025-03-25 08:08:47,0,0,0
2025-03-25 08:08:48,0,0,0
2025-03-25 08:08:50,2,2,694
2025-03-25 08:08:52,1,1,363
2025-03-25 08:08:53,2,2,2846
2025-03-25 08:08:55,5,5,20031
2025-03-25 08:08:58,4,4,68835
2025-03-25 08:09:00,6,6,78078
2025-03-25 08:09:01,1,1,327
2025-03-25 08:09:00,1,1,467
2025-03-25 08:09:02,2,2,959
2025-03-25 08:09:04,2,2,41747
2025-03-25 08:09:06,3,3,2237
2025-03-25 08:09:09,3,3,23618
2025-03-25 08:09:12,3,3,64357
2025-03-25 08:09:13,4,4,35496
2025-03-25 08:09:15,8,8,37128
2025-03-25 08:09:16,4,4,8211
2025-03-25 08:09:18,2,2,7432
2025-03-25 08:09:20,1,1,469
2025-03-25 08:09:22,1,1,466
2025-03-25 08:09:24,1,1,466
2025-03-25 08:09:26,1,1,741
2025-03-25 08:09:28,3,3,23600
2025-03-25 08:09:30,2,2,766
2025-03-25 08:09:29,2,2,769
2025-03-25 08:09:30,3,3,1300
2025-03-25 08:09:32,3,3,1355
2025-03-25 08:09:34,6,6,4408
2025-03-25 08:09:36,1,1,444
2025-03-25 08:09:37,1,1,314
2025-03-25 08:09:39,3,3,1250
2025-03-25 08:09:40,1,1,378
2025-03-25 08:09:42,3,3,1386
2025-03-25 08:09:44,1,1,8770
2025-03-25 08:09:46,5,5,17330
2025-03-25 08:09:47,0,0,0
2025-03-25 08:09:48,1,1,1629
2025-03-25 08:09:50,1,1,463
2025-03-25 08:09:52,5,5,2851
2025-03-25 08:09:54,0,0,0
2025-03-25 08:09:56,3,3,1630
2025-03-25 08:09:57,3,3,1973
2025-03-25 08:09:59,1,1,324
2025-03-25 08:09:59,0,0,0
2025-03-25 08:10:00,1,1,499
2025-03-25 08:10:02,1,1,323
2025-03-25 08:10:04,1,1,741
2025-03-25 08:10:06,1,1,445
2025-03-25 08:10:07,0,0,0
2025-03-25 08:10:11,3,3,41993
2025-03-25 08:10:13,1,1,485
2025-03-25 08:10:15,1,1,485
2025-03-25 08:10:17,3,3,8243
2025-03-25 08:10:18,1,1,383
2025-03-25 08:10:20,2,2,1037
2025-03-25 08:10:22,1,1,416
2025-03-25 08:10:24,1,1,443
2025-03-25 08:10:25,1,1,443
2025-03-25 08:10:27,2,2,5131
2025-03-25 08:10:29,2,2,1559
2025-03-25 08:10:31,4,4,1465
2025-03-25 08:10:29,3,3,1278
2025-03-25 08:10:31,2,2,2418
2025-03-25 08:10:33,1,1,324
2025-03-25 08:10:35,5,5,13486
2025-03-25 08:10:36,2,2,835
2025-03-25 08:10:38,2,2,17106
2025-03-25 08:10:40,1,1,21732
2025-03-25 08:10:42,3,3,1308
2025-03-25 08:10:43,0,0,0
2025-03-25 08:10:45,1,1,468
2025-03-25 08:10:46,1,1,568
2025-03-25 08:10:48,2,2,2724
2025-03-25 08:10:50,4,4,19702
2025-03-25 08:10:52,0,0,0
2025-03-25 08:10:53,1,1,323
2025-03-25 08:10:55,0,0,0
2025-03-25 08:10:57,1,1,462
2025-03-25 08:10:59,0,0,0
2025-03-25 08:11:00,0,0,0
2025-03-25 08:10:59,1,1,547
2025-03-25 08:11:01,1,1,550
2025-03-25 08:11:03,1,1,324
2025-03-25 08:11:04,1,1,559
2025-03-25 08:11:06,2,2,1116
2025-03-25 08:11:08,0,0,0
2025-03-25 08:11:10,1,1,41847
2025-03-25 08:11:12,1,1,7790
2025-03-25 08:11:14,1,1,462
2025-03-25 08:11:15,0,0,0
2025-03-25 08:11:17,0,0,0
2025-03-25 08:11:18,0,0,0
2025-03-25 08:11:20,1,1,325
2025-03-25 08:11:21,0,0,0
2025-03-25 08:11:22,0,0,0
2025-03-25 08:11:24,0,0,0
2025-03-25 08:11:26,5,5,2070
2025-03-25 08:11:28,0,0,0
2025-03-25 08:11:30,3,3,1389
2025-03-25 08:11:29,2,2,17241
2025-03-25 08:11:30,1,1,324
2025-03-25 08:11:32,4,4,13760
2025-03-25 08:11:34,1,1,462
2025-03-25 08:11:35,2,2,931
2025-03-25 08:11:36,5,5,2305
2025-03-25 08:11:38,0,0,0
2025-03-25 08:11:40,5,5,22646
2025-03-25 08:11:42,2,2,783
2025-03-25 08:11:44,5,5,2062
2025-03-25 08:11:45,1,1,383
2025-03-25 08:11:47,2,2,19902
2025-03-25 08:11:49,1,1,29274
2025-03-25 08:11:51,5,5,30791
2025-03-25 08:11:53,1,1,29274
2025-03-25 08:11:55,1,1,462
2025-03-25 08:11:57,3,3,1244
2025-03-25 08:11:58,2,2,778
2025-03-25 08:11:59,1,1,460
2025-03-25 08:11:59,2,2,40436
2025-03-25 08:12:01,1,1,311
2025-03-25 08:12:02,1,1,453
2025-03-25 08:12:04,2,2,1681
2025-03-25 08:12:05,1,1,461
2025-03-25 08:12:08,20,20,39777
2025-03-25 08:12:11,4,4,41122
2025-03-25 08:12:13,1,1,11779
2025-03-25 08:12:15,5,5,26952
2025-03-25 08:12:16,4,4,34532
2025-03-25 08:12:18,4,4,1723
2025-03-25 08:12:20,2,2,621
2025-03-25 08:12:22,2,2,865
2025-03-25 08:12:24,3,3,28213
2025-03-25 08:12:26,2,2,16664
2025-03-25 08:12:28,5,5,31078
2025-03-25 08:12:30,1,1,316
2025-03-25 08:12:29,1,1,741
2025-03-25 08:12:31,2,2,842
2025-03-25 08:12:33,4,4,1838
2025-03-25 08:12:35,1,1,540
2025-03-25 08:12:37,2,2,751
2025-03-25 08:12:38,1,1,451
2025-03-25 08:12:40,3,3,29802
2025-03-25 08:12:42,0,0,0
2025-03-25 08:12:44,3,3,17785
2025-03-25 08:12:46,2,2,765
2025-03-25 08:12:48,7,7,2721
2025-03-25 08:12:50,2,2,11923
2025-03-25 08:12:52,3,3,23770
2025-03-25 08:12:53,0,0,0
2025-03-25 08:12:55,3,3,1278
2025-03-25 08:12:57,2,2,67331
2025-03-25 08:12:59,1,1,314
2025-03-25 08:12:58,3,3,1216
2025-03-25 08:13:00,0,0,0
2025-03-25 08:13:02,5,5,2439
2025-03-25 08:13:04,1,1,534
2025-03-25 08:13:06,0,0,0
2025-03-25 08:13:07,1,1,311
2025-03-25 08:13:10,1,1,2296
2025-03-25 08:13:12,2,2,17322
2025-03-25 08:13:14,1,1,547
2025-03-25 08:13:16,3,3,1097
2025-03-25 08:13:18,4,4,1767
2025-03-25 08:13:19,1,1,1265
2025-03-25 08:13:21,1,1,323
2025-03-25 08:13:23,1,1,334
2025-03-25 08:13:25,3,3,26328
2025-03-25 08:13:27,3,3,17206
2025-03-25 08:13:30,3,3,49939
2025-03-25 08:13:29,3,3,49939
2025-03-25 08:13:31,3,3,17615
2025-03-25 08:13:33,0,0,0
2025-03-25 08:13:35,1,1,10837
2025-03-25 08:13:37,3,3,1274
2025-03-25 08:13:39,0,0,0
2025-03-25 08:13:40,1,1,314
2025-03-25 08:13:42,1,1,22566
2025-03-25 08:13:44,2,2,710
2025-03-25 08:13:46,1,1,41096
2025-03-25 08:13:48,1,1,2163
2025-03-25 08:13:49,2,2,884
2025-03-25 08:13:51,8,8,26150
2025-03-25 08:13:55,2,2,715
2025-03-25 08:13:57,4,4,31296
2025-03-25 08:13:59,5,5,11849
2025-03-25 08:13:58,5,5,1903
2025-03-25 08:14:00,1,1,324
2025-03-25 08:14:01,8,8,3438
2025-03-25 08:14:05,6,6,2293
2025-03-25 08:14:08,3,3,1227
2025-03-25 08:14:12,3,3,40250
2025-03-25 08:14:13,0,0,0
2025-03-25 08:14:15,1,1,467
2025-03-25 08:14:16,1,1,467
2025-03-25 08:14:18,3,3,35536
2025-03-25 08:14:22,8,8,60071
2025-03-25 08:14:25,3,3,33747
2025-03-25 08:14:27,8,8,36235
2025-03-25 08:14:27,6,6,61885
2025-03-25 08:14:29,7,7,2994
2025-03-25 08:14:31,3,3,7710
2025-03-25 08:14:33,2,2,41111
2025-03-25 08:14:35,3,3,1079
2025-03-25 08:14:37,3,3,12427
2025-03-25 08:14:38,0,0,0
2025-03-25 08:14:40,0,0,0
2025-03-25 08:14:41,0,0,0
2025-03-25 08:14:43,3,3,34588
2025-03-25 08:14:45,2,2,22695
2025-03-25 08:14:47,1,1,324
2025-03-25 08:14:49,1,1,624
2025-03-25 08:14:51,0,0,0
2025-03-25 08:14:53,2,2,39923
2025-03-25 08:14:55,0,0,0
2025-03-25 08:14:56,1,1,325
2025-03-25 08:14:57,1,1,455
2025-03-25 08:14:57,3,3,40041
2025-03-25 08:14:59,0,0,0
2025-03-25 08:15:01,1,1,460
2025-03-25 08:15:02,2,2,921
2025-03-25 08:15:04,4,4,42175
2025-03-25 08:15:06,3,3,1368
2025-03-25 08:15:08,2,2,1065
2025-03-25 08:15:09,7,7,2580
2025-03-25 08:15:11,10,10,6323
2025-03-25 08:15:12,4,4,3556
2025-03-25 08:15:14,1,1,381
2025-03-25 08:15:16,3,3,1204
2025-03-25 08:15:19,1,1,468
2025-03-25 08:15:20,2,2,888
2025-03-25 08:15:22,0,0,0
2025-03-25 08:15:27,1,1,1996
2025-03-25 08:15:29,4,4,32606
2025-03-25 08:15:30,1,1,445
2025-03-25 08:15:32,3,3,1488
2025-03-25 08:15:34,4,4,33655
2025-03-25 08:15:36,2,2,1019
2025-03-25 08:15:38,4,4,1885
2025-03-25 08:15:40,2,2,883
2025-03-25 08:15:41,5,5,19343
2025-03-25 08:15:43,2,2,708
2025-03-25 08:15:47,4,4,2782
2025-03-25 08:15:49,2,2,646
2025-03-25 08:15:50,3,3,2998
2025-03-25 08:15:52,7,7,4771
2025-03-25 08:15:54,2,2,913
2025-03-25 08:15:56,5,5,2383
2025-03-25 08:15:57,2,2,1065
2025-03-25 08:15:59,3,3,1366
2025-03-25 08:15:57,0,0,0
2025-03-25 08:15:59,1,1,323
2025-03-25 08:16:00,0,0,0
2025-03-25 08:16:02,1,1,610
2025-03-25 08:16:04,2,2,766
2025-03-25 08:16:05,2,2,881
2025-03-25 08:16:07,3,3,1506
2025-03-25 08:16:08,1,1,324
2025-03-25 08:16:10,2,2,796
2025-03-25 08:16:12,4,4,3280
2025-03-25 08:16:14,3,3,50868
2025-03-25 08:16:16,3,3,1408
2025-03-25 08:16:18,1,1,455
2025-03-25 08:16:20,6,6,4155
2025-03-25 08:16:22,5,5,2105
2025-03-25 08:16:23,1,1,507
2025-03-25 08:16:24,5,5,3537
2025-03-25 08:16:26,2,2,1142
2025-03-25 08:16:28,2,2,1027
2025-03-25 08:16:27,1,1,483
2025-03-25 08:16:29,7,7,22630
2025-03-25 08:16:31,1,1,328
2025-03-25 08:16:34,8,8,30024
2025-03-25 08:16:36,4,4,28568
2025-03-25 08:16:38,1,1,824
2025-03-25 08:16:39,1,1,329
2025-03-25 08:16:41,1,1,774
2025-03-25 08:16:43,4,4,2109
2025-03-25 08:16:45,5,5,44368
2025-03-25 08:16:47,3,3,1227
2025-03-25 08:16:49,2,2,1605
2025-03-25 08:16:50,1,1,23921
2025-03-25 08:16:52,1,1,314
2025-03-25 08:16:54,2,2,786
2025-03-25 08:16:56,5,5,18413
2025-03-25 08:16:58,0,0,0
2025-03-25 08:16:57,3,3,21973
2025-03-25 08:17:00,3,3,55416
2025-03-25 08:17:01,2,2,759
2025-03-25 08:17:04,2,2,88623
2025-03-25 08:17:07,5,5,90157
2025-03-25 08:17:09,6,6,90587
2025-03-25 08:17:11,4,4,3545
2025-03-25 08:17:13,2,2,930
2025-03-25 08:17:14,2,2,872
2025-03-25 08:17:16,2,2,32354
2025-03-25 08:17:18,2,2,649
2025-03-25 08:17:20,4,4,34400
2025-03-25 08:17:22,1,1,1885
2025-03-25 08:17:24,3,3,1076
2025-03-25 08:17:26,1,1,7064
2025-03-25 08:17:25,2,2,703
2025-03-25 08:17:26,3,3,1031
2025-03-25 08:17:28,1,1,323
2025-03-25 08:17:30,4,4,1732
2025-03-25 08:17:31,2,2,772
2025-03-25 08:17:33,5,5,2065
2025-03-25 08:17:34,0,0,0
2025-03-25 08:17:36,2,2,974
2025-03-25 08:17:37,3,3,1353
2025-03-25 08:17:39,2,2,915
2025-03-25 08:17:40,2,2,915
2025-03-25 08:17:42,2,2,915
2025-03-25 08:17:44,0,0,0
2025-03-25 08:17:45,2,2,846
2025-03-25 08:17:47,1,1,427
2025-03-25 08:17:49,1,1,420
2025-03-25 08:17:50,1,1,437
2025-03-25 08:17:52,1,1,431
2025-03-25 08:17:54,4,4,1531
2025-03-25 08:17:56,0,0,0
2025-03-25 08:17:58,2,2,8291
2025-03-25 08:18:00,4,4,24868
2025-03-25 08:18:02,4,4,24633
2025-03-25 08:18:04,2,2,21512
2025-03-25 08:18:05,4,4,23083
2025-03-25 08:18:07,1,1,385
2025-03-25 08:18:09,2,2,847
2025-03-25 08:18:10,3,3,1184
2025-03-25 08:18:11,3,3,1274
2025-03-25 08:18:09,0,0,0
2025-03-25 08:18:11,2,2,18087
2025-03-25 08:18:13,2,2,846
2025-03-25 08:18:14,0,0,0
2025-03-25 08:18:16,1,1,376
2025-03-25 08:18:18,3,3,18905
2025-03-25 08:18:20,2,2,795
2025-03-25 08:18:23,2,2,803
2025-03-25 08:18:24,1,1,334
2025-03-25 08:18:26,1,1,419
2025-03-25 08:18:28,2,2,770
2025-03-25 08:18:30,1,1,310
2025-03-25 08:18:31,1,1,473
2025-03-25 08:18:35,1,1,323
2025-03-25 08:18:37,1,1,461
2025-03-25 08:18:38,2,2,968
2025-03-25 08:18:40,3,3,28925
2025-03-25 08:18:40,2,2,860
2025-03-25 08:18:42,2,2,801
2025-03-25 08:18:43,2,2,768
2025-03-25 08:18:45,0,0,0
2025-03-25 08:18:47,4,4,28700
2025-03-25 08:18:50,1,1,438
2025-03-25 08:18:53,2,2,692
2025-03-25 08:18:55,1,1,1258
2025-03-25 08:18:56,0,0,0
2025-03-25 08:18:58,1,1,379
2025-03-25 08:18:59,1,1,452
2025-03-25 08:19:01,3,3,1133
2025-03-25 08:19:03,0,0,0
2025-03-25 08:19:05,2,2,993
2025-03-25 08:19:07,3,3,1275
2025-03-25 08:19:08,1,1,324
2025-03-25 08:19:09,1,1,312
2025-03-25 08:19:11,2,2,837
2025-03-25 08:19:10,2,2,795
2025-03-25 08:19:11,0,0,0
2025-03-25 08:19:13,1,1,16772
2025-03-25 08:19:14,2,2,836
2025-03-25 08:19:16,1,1,313
2025-03-25 08:19:18,0,0,0
2025-03-25 08:19:19,0,0,0
2025-03-25 08:19:21,0,0,0
2025-03-25 08:19:23,2,2,817
2025-03-25 08:19:25,0,0,0
2025-03-25 08:19:26,1,1,383
2025-03-25 08:19:28,1,1,313
2025-03-25 08:19:30,2,2,15538
2025-03-25 08:19:32,1,1,16772
2025-03-25 08:19:33,1,1,382
2025-03-25 08:19:35,2,2,842
2025-03-25 08:19:37,1,1,315
2025-03-25 08:19:38,1,1,315
2025-03-25 08:19:40,1,1,323
2025-03-25 08:19:39,0,0,0
2025-03-25 08:19:40,0,0,0
2025-03-25 08:19:44,6,6,2990
2025-03-25 08:19:46,0,0,0
2025-03-25 08:19:47,2,2,640
2025-03-25 08:19:49,3,3,1330
2025-03-25 08:19:51,1,1,376
2025-03-25 08:19:53,4,4,86007
2025-03-25 08:19:55,0,0,0
2025-03-25 08:19:57,0,0,0
2025-03-25 08:19:58,0,0,0
2025-03-25 08:20:00,1,1,6764
2025-03-25 08:20:02,2,2,877
2025-03-25 08:20:03,0,0,0
2025-03-25 08:20:05,3,3,1216
2025-03-25 08:20:07,1,1,334
2025-03-25 08:20:08,2,2,748
2025-03-25 08:20:10,2,2,1763
2025-03-25 08:20:10,5,5,9631
2025-03-25 08:20:12,7,7,29428
2025-03-25 08:20:14,31,38,46672
2025-03-25 08:20:15,5,5,4599
2025-03-25 08:20:17,1,1,549
2025-03-25 08:20:18,10,10,7678
2025-03-25 08:20:20,7,7,13303
2025-03-25 08:20:22,0,0,0
2025-03-25 08:20:24,1,1,376
2025-03-25 08:20:25,1,1,324
2025-03-25 08:20:27,0,0,0
2025-03-25 08:20:28,2,2,10327
2025-03-25 08:20:31,1,1,383
2025-03-25 08:20:32,3,3,1055
2025-03-25 08:20:34,1,1,11449
2025-03-25 08:20:36,1,1,7249
2025-03-25 08:20:38,0,0,0
2025-03-25 08:20:39,0,0,0
2025-03-25 08:20:38,3,3,1240
2025-03-25 08:20:39,3,3,1240
2025-03-25 08:20:41,1,1,349
2025-03-25 08:20:43,2,2,772
2025-03-25 08:20:46,0,0,0
2025-03-25 08:20:47,1,1,443
2025-03-25 08:20:49,4,4,1873
2025-03-25 08:20:51,3,3,1095
2025-03-25 08:20:52,1,1,557
2025-03-25 08:20:54,3,3,1183
2025-03-25 08:20:56,0,0,0
2025-03-25 08:20:57,3,3,1308
2025-03-25 08:20:59,1,1,1922
2025-03-25 08:21:01,2,2,782
2025-03-25 08:21:02,0,0,0
2025-03-25 08:21:03,2,2,2689
2025-03-25 08:21:05,1,1,455
2025-03-25 08:21:07,1,1,576
2025-03-25 08:21:09,1,1,426
2025-03-25 08:21:08,0,0,0
2025-03-25 08:21:09,1,1,476
2025-03-25 08:21:11,1,1,476
2025-03-25 08:21:12,1,1,476
2025-03-25 08:21:14,5,5,2223
2025-03-25 08:21:16,4,4,15685
2025-03-25 08:21:18,2,2,699
2025-03-25 08:21:20,4,4,8610
2025-03-25 08:21:22,3,3,1048
2025-03-25 08:21:24,0,0,0
2025-03-25 08:21:25,2,2,839
2025-03-25 08:21:27,2,2,22670
2025-03-25 08:21:29,4,4,23845
2025-03-25 08:21:32,8,8,43937
2025-03-25 08:21:34,6,6,10855
2025-03-25 08:21:36,2,2,699
2025-03-25 08:21:38,5,5,4075
2025-03-25 08:21:39,0,0,0
2025-03-25 08:21:38,3,3,1317
2025-03-25 08:21:40,1,1,393
2025-03-25 08:21:42,7,7,22364
2025-03-25 08:21:44,4,4,3382
2025-03-25 08:21:46,5,5,2340
2025-03-25 08:21:47,1,1,416
2025-03-25 08:21:49,4,4,1857
2025-03-25 08:21:51,10,10,5887
2025-03-25 08:21:55,3,3,24704
2025-03-25 08:21:57,3,3,39237
2025-03-25 08:21:59,2,2,2906
2025-03-25 08:22:00,2,2,17232
2025-03-25 08:22:02,3,3,1393
2025-03-25 08:22:04,2,2,807
2025-03-25 08:22:06,1,1,16772
2025-03-25 08:22:08,5,5,2521
2025-03-25 08:22:09,5,5,2521
2025-03-25 08:22:09,2,2,7283
2025-03-25 08:22:11,1,1,14311
2025-03-25 08:22:12,1,1,462
2025-03-25 08:22:14,1,1,462
2025-03-25 08:22:16,0,0,0
2025-03-25 08:22:17,2,2,790
2025-03-25 08:22:18,0,0,0
2025-03-25 08:22:22,1,1,472
2025-03-25 08:22:24,1,1,486
2025-03-25 08:22:26,4,4,10295
2025-03-25 08:22:28,7,7,37802
2025-03-25 08:22:29,2,2,792
2025-03-25 08:22:31,1,1,588
2025-03-25 08:22:33,2,2,2532
2025-03-25 08:22:34,4,4,4922
2025-03-25 08:22:36,6,6,5622
2025-03-25 08:22:38,2,2,17210
2025-03-25 08:22:39,2,2,990
2025-03-25 08:22:38,1,1,315
2025-03-25 08:22:40,3,3,1097
2025-03-25 08:22:44,2,2,1783
2025-03-25 08:22:45,0,0,0
2025-03-25 08:22:47,5,5,8849
2025-03-25 08:22:49,4,4,1706
2025-03-25 08:22:51,1,1,452
2025-03-25 08:22:53,1,1,467
2025-03-25 08:22:55,2,2,923
2025-03-25 08:22:57,2,2,21639
2025-03-25 08:22:59,6,6,25314
2025-03-25 08:23:00,4,4,1773
2025-03-25 08:23:02,0,0,0
2025-03-25 08:23:03,1,1,456
2025-03-25 08:23:05,3,3,1379
2025-03-25 08:23:07,5,5,2372
2025-03-25 08:23:09,3,3,1021
2025-03-25 08:23:08,5,5,2210
2025-03-25 08:23:09,2,2,873
2025-03-25 08:23:11,3,3,18310
2025-03-25 08:23:13,1,1,420
2025-03-25 08:23:15,1,1,308
2025-03-25 08:23:17,1,1,610
2025-03-25 08:23:19,3,3,89199
2025-03-25 08:23:22,9,9,98730
2025-03-25 08:23:24,0,0,0
2025-03-25 08:23:25,2,2,1104
2025-03-25 08:23:27,3,3,1357
2025-03-25 08:23:28,5,5,2439
2025-03-25 08:23:30,3,3,1519
2025-03-25 08:23:32,3,3,1375
2025-03-25 08:23:34,3,3,1388
2025-03-25 08:23:35,1,1,452
2025-03-25 08:23:37,29,29,14029
2025-03-25 08:23:39,2,2,2057
2025-03-25 08:23:38,2,2,1087
2025-03-25 08:23:39,2,2,2388
2025-03-25 08:23:41,3,3,1390
2025-03-25 08:23:43,2,2,929
2025-03-25 08:23:45,10,10,6633
2025-03-25 08:23:46,0,0,0
2025-03-25 08:23:48,30,30,23310
2025-03-25 08:23:50,7,7,2673
2025-03-25 08:23:52,5,5,31429
2025-03-25 08:23:54,5,5,2219
2025-03-25 08:23:56,6,6,2766
2025-03-25 08:23:57,7,7,4895
2025-03-25 08:23:59,13,13,23823
2025-03-25 08:24:01,4,4,3020
2025-03-25 08:24:03,5,5,2134
2025-03-25 08:24:04,3,3,1627
2025-03-25 08:24:07,3,3,7782
2025-03-25 08:24:09,1,1,41145
2025-03-25 08:24:08,3,3,1161
2025-03-25 08:24:10,1,1,308
2025-03-25 08:24:11,3,3,1401
2025-03-25 08:24:13,2,2,1590
2025-03-25 08:24:15,3,3,1415
2025-03-25 08:24:16,5,5,2171
2025-03-25 08:24:18,4,4,1491
2025-03-25 08:24:19,5,5,2208
2025-03-25 08:24:20,5,5,2679
2025-03-25 08:24:22,2,2,927
2025-03-25 08:24:25,11,11,44613
2025-03-25 08:24:27,8,8,65405
2025-03-25 08:24:29,11,11,68206
2025-03-25 08:24:31,2,2,884
2025-03-25 08:24:33,3,3,3297
2025-03-25 08:24:35,8,8,12495
2025-03-25 08:24:36,2,2,796
2025-03-25 08:24:39,4,4,65540
2025-03-25 08:24:38,4,4,8384
2025-03-25 08:24:40,3,3,16142
2025-03-25 08:24:42,2,2,1111
2025-03-25 08:24:43,3,3,59823
2025-03-25 08:24:45,2,2,934
2025-03-25 08:24:47,2,2,1696
2025-03-25 08:24:49,0,0,0
2025-03-25 08:24:50,3,3,24543
2025-03-25 08:24:53,1,1,2133
2025-03-25 08:24:54,0,0,0
2025-03-25 08:24:57,1,1,40973
2025-03-25 08:24:58,1,1,383
2025-03-25 08:25:00,1,1,445
2025-03-25 08:25:02,1,1,42064
2025-03-25 08:25:04,4,4,43291
2025-03-25 08:25:05,6,6,2642
2025-03-25 08:25:07,0,0,0
2025-03-25 08:25:09,5,5,1914
2025-03-25 08:25:08,1,1,418
2025-03-25 08:25:10,5,5,13005
2025-03-25 08:25:12,3,3,1442
2025-03-25 08:25:13,1,1,419
2025-03-25 08:25:15,3,3,1335
2025-03-25 08:25:17,4,4,3559
2025-03-25 08:25:18,2,2,2391
2025-03-25 08:25:20,1,1,324
2025-03-25 08:25:22,2,2,1061
2025-03-25 08:25:24,2,2,770
2025-03-25 08:25:25,3,3,1371
2025-03-25 08:25:27,2,2,1075
2025-03-25 08:25:29,4,4,1482
2025-03-25 08:25:30,2,2,762
2025-03-25 08:25:32,25,25,42014
2025-03-25 08:25:34,1,1,451
2025-03-25 08:25:36,4,4,2040
2025-03-25 08:25:37,7,7,3404
2025-03-25 08:25:37,9,9,4215
2025-03-25 08:25:39,9,9,12775
2025-03-25 08:25:41,22,22,36069
2025-03-25 08:25:48,1,1,324
2025-03-25 08:25:50,0,0,0
2025-03-25 08:25:51,17,17,19598
2025-03-25 08:25:53,4,4,1894
2025-03-25 08:25:54,5,5,3908
2025-03-25 08:25:57,6,6,19057
2025-03-25 08:25:58,0,0,0
2025-03-25 08:26:00,4,4,41578
2025-03-25 08:26:03,13,13,69383
2025-03-25 08:26:05,5,5,2451
2025-03-25 08:26:06,3,3,1053
2025-03-25 08:26:08,8,8,4561
2025-03-25 08:26:09,1,1,543
2025-03-25 08:26:12,26,26,73281
2025-03-25 08:26:14,4,4,1744
2025-03-25 08:26:15,4,4,1732
2025-03-25 08:26:17,3,3,1409
2025-03-25 08:26:19,6,6,2668
2025-03-25 08:26:20,0,0,0
2025-03-25 08:26:23,25,25,42598
2025-03-25 08:26:25,4,4,42033
2025-03-25 08:26:27,2,2,15308
2025-03-25 08:26:29,1,1,324
2025-03-25 08:26:30,2,2,769
2025-03-25 08:26:32,1,1,453
2025-03-25 08:26:34,23,23,32448
2025-03-25 08:26:36,5,5,3489
2025-03-25 08:26:35,0,0,0
2025-03-25 08:26:37,3,3,1301
2025-03-25 08:26:39,2,2,913
2025-03-25 08:26:41,4,4,1785
2025-03-25 08:26:42,3,3,5797
2025-03-25 08:26:44,4,4,1604
2025-03-25 08:26:46,1,1,340
2025-03-25 08:26:48,1,1,376
2025-03-25 08:26:50,1,1,451
2025-03-25 08:26:52,3,3,8083
2025-03-25 08:26:53,4,4,5489
2025-03-25 08:26:55,0,0,0
2025-03-25 08:26:57,3,3,8802
2025-03-25 08:26:59,2,2,1202
2025-03-25 08:27:01,1,1,324
2025-03-25 08:27:02,2,2,657
2025-03-25 08:27:04,2,2,925
2025-03-25 08:27:06,20,20,25046
2025-03-25 08:27:05,2,2,2171
2025-03-25 08:27:07,0,0,0
2025-03-25 08:27:09,0,0,0
2025-03-25 08:27:11,2,2,41682
2025-03-25 08:27:13,13,13,23373
2025-03-25 08:27:15,2,2,884
2025-03-25 08:27:16,3,3,3203
2025-03-25 08:27:18,6,6,27852
2025-03-25 08:27:20,3,3,962
2025-03-25 08:27:21,4,4,1929
2025-03-25 08:27:23,5,5,2185
2025-03-25 08:27:24,2,2,638
2025-03-25 08:27:26,1,1,443
2025-03-25 08:27:28,4,4,1571
2025-03-25 08:27:29,2,2,1645
2025-03-25 08:27:31,2,2,1125
2025-03-25 08:27:33,3,3,1647
2025-03-25 08:27:34,0,0,0
2025-03-25 08:27:36,0,0,0
2025-03-25 08:27:35,0,0,0
2025-03-25 08:27:36,0,0,0
2025-03-25 08:27:40,1,1,31539
2025-03-25 08:27:42,4,4,1854
2025-03-25 08:27:43,0,0,0
2025-03-25 08:27:47,9,9,4724
2025-03-25 08:27:48,0,0,0
2025-03-25 08:27:51,4,4,29886
2025-03-25 08:27:53,0,0,0
2025-03-25 08:27:55,0,0,0
2025-03-25 08:27:57,5,5,2363
2025-03-25 08:27:58,6,6,2802
2025-03-25 08:27:59,6,6,2802
2025-03-25 08:28:01,1,1,559
2025-03-25 08:28:03,0,0,0
2025-03-25 08:28:05,2,2,1045
2025-03-25 08:28:06,0,0,0
2025-03-25 08:28:05,0,0,0
2025-03-25 08:28:07,3,3,2239
2025-03-25 08:28:08,2,2,890
2025-03-25 08:28:10,0,0,0
2025-03-25 08:28:12,0,0,0
2025-03-25 08:28:13,2,2,1129
2025-03-25 08:28:15,2,2,1860
2025-03-25 08:28:16,2,2,1515
2025-03-25 08:28:18,0,0,0
2025-03-25 08:28:19,0,0,0
2025-03-25 08:28:21,0,0,0
2025-03-25 08:28:23,1,1,324
2025-03-25 08:28:25,1,1,446
2025-03-25 08:28:27,2,2,757
2025-03-25 08:28:28,3,3,1105
2025-03-25 08:28:30,3,3,23714
2025-03-25 08:28:31,2,2,847
2025-03-25 08:28:33,0,0,0
2025-03-25 08:28:35,3,3,1082
2025-03-25 08:28:34,2,2,844
2025-03-25 08:28:36,2,2,8423
2025-03-25 08:28:38,2,2,776
2025-03-25 08:28:40,2,2,25619
2025-03-25 08:28:42,2,2,19238
2025-03-25 08:28:44,1,1,444
2025-03-25 08:28:46,3,3,3430
2025-03-25 08:28:47,4,4,3754
2025-03-25 08:28:50,1,1,40960
2025-03-25 08:28:52,1,1,397
2025-03-25 08:28:54,0,0,0
2025-03-25 08:28:56,0,0,0
2025-03-25 08:28:58,3,3,1245
2025-03-25 08:29:00,0,0,0
2025-03-25 08:29:02,3,3,1308
2025-03-25 08:29:03,0,0,0
2025-03-25 08:29:05,5,5,2264
2025-03-25 08:29:04,0,0,0
2025-03-25 08:29:06,0,0,0
2025-03-25 08:29:08,1,1,472
2025-03-25 08:29:10,2,2,8257
2025-03-25 08:29:11,3,3,1206
2025-03-25 08:29:13,5,5,26175
2025-03-25 08:29:15,3,3,25146
2025-03-25 08:29:17,3,3,1118
2025-03-25 08:29:18,0,0,0
2025-03-25 08:29:20,3,3,1326
2025-03-25 08:29:22,2,2,1850
2025-03-25 08:29:23,0,0,0
2025-03-25 08:29:24,1,1,466
2025-03-25 08:29:26,1,1,466
2025-03-25 08:29:28,0,0,0
2025-03-25 08:29:30,1,1,446
2025-03-25 08:29:31,1,1,313
2025-03-25 08:29:33,1,1,16772
2025-03-25 08:29:35,3,3,17540
2025-03-25 08:29:34,1,1,468
2025-03-25 08:29:36,2,2,848
2025-03-25 08:29:37,1,1,383
2025-03-25 08:29:39,2,2,630
2025-03-25 08:29:40,1,1,313
2025-03-25 08:29:42,0,0,0
2025-03-25 08:29:44,1,1,397
2025-03-25 08:29:46,0,0,0
2025-03-25 08:29:48,0,0,0
2025-03-25 08:29:49,0,0,0
2025-03-25 08:29:51,1,1,440
2025-03-25 08:29:52,0,0,0
2025-03-25 08:29:54,0,0,0
2025-03-25 08:29:56,1,1,444
2025-03-25 08:29:58,1,1,463
2025-03-25 08:29:59,2,2,1723
2025-03-25 08:30:00,2,2,924
2025-03-25 08:30:02,3,3,1234
2025-03-25 08:30:03,4,4,1674
2025-03-25 08:30:03,0,0,0
2025-03-25 08:30:04,0,0,0
2025-03-25 08:30:06,2,2,750
2025-03-25 08:30:08,1,1,1265
2025-03-25 08:30:10,3,3,1198
2025-03-25 08:30:11,0,0,0
2025-03-25 08:30:13,4,4,1889
2025-03-25 08:30:15,4,4,7474
2025-03-25 08:30:17,6,6,24928
2025-03-25 08:30:19,1,1,417
2025-03-25 08:30:21,0,0,0
2025-03-25 08:30:23,2,2,914
2025-03-25 08:30:24,1,1,441
2025-03-25 08:30:26,1,1,323
2025-03-25 08:30:28,0,0,0
2025-03-25 08:30:29,0,0,0
2025-03-25 08:30:31,2,2,931
2025-03-25 08:30:33,0,0,0
2025-03-25 08:30:32,1,1,466
2025-03-25 08:30:34,1,1,460
2025-03-25 08:30:36,3,3,2220
2025-03-25 08:30:38,2,2,914
2025-03-25 08:30:39,1,1,324
2025-03-25 08:30:40,2,2,709
2025-03-25 08:30:42,5,5,2301
2025-03-25 08:30:44,6,6,4525
2025-03-25 08:30:46,2,2,831
2025-03-25 08:30:47,3,3,1261
2025-03-25 08:30:50,3,3,32100
2025-03-25 08:30:51,4,4,1919
2025-03-25 08:30:53,0,0,0
2025-03-25 08:30:55,4,4,14444
2025-03-25 08:30:56,0,0,0
2025-03-25 08:30:58,4,4,8467
2025-03-25 08:30:59,0,0,0
2025-03-25 08:31:01,0,0,0
2025-03-25 08:31:05,2,2,769
2025-03-25 08:31:04,1,1,379
2025-03-25 08:31:07,4,4,3092
2025-03-25 08:31:10,2,2,39032
2025-03-25 08:31:11,3,3,1471
2025-03-25 08:31:15,1,1,485
2025-03-25 08:31:18,2,2,1125
2025-03-25 08:31:20,2,2,657
2025-03-25 08:31:22,16,16,13097
2025-03-25 08:31:24,3,3,1465
2025-03-25 08:31:26,4,4,1848
2025-03-25 08:31:28,4,4,48880
2025-03-25 08:31:30,3,3,8099
2025-03-25 08:31:32,4,4,3281
2025-03-25 08:31:34,1,1,2296
2025-03-25 08:31:33,1,1,16773
2025-03-25 08:31:35,2,2,1168
2025-03-25 08:31:37,2,2,889
2025-03-25 08:31:40,7,7,2996
2025-03-25 08:31:44,2,2,1044
2025-03-25 08:31:46,4,4,25193
2025-03-25 08:31:47,5,5,2252
2025-03-25 08:31:51,3,3,1751
2025-03-25 08:31:52,3,3,1470
2025-03-25 08:31:54,1,1,441
2025-03-25 08:31:56,4,4,19677
2025-03-25 08:31:58,0,0,0
2025-03-25 08:32:00,1,1,444
2025-03-25 08:32:03,3,3,43558
2025-03-25 08:32:02,3,3,1907
2025-03-25 08:32:04,6,6,2491
2025-03-25 08:32:06,0,0,0
2025-03-25 08:32:07,4,4,1357
2025-03-25 08:32:09,2,2,780
2025-03-25 08:32:10,6,6,2367
2025-03-25 08:32:13,7,7,48611
2025-03-25 08:32:15,5,5,19502
2025-03-25 08:32:16,1,1,29582
2025-03-25 08:32:18,4,4,1795
2025-03-25 08:32:19,5,5,2118
2025-03-25 08:32:24,0,0,0
2025-03-25 08:32:26,3,3,11722
2025-03-25 08:32:28,2,2,7699
2025-03-25 08:32:30,4,4,11907
2025-03-25 08:32:32,3,3,17788
2025-03-25 08:32:31,6,6,65663
2025-03-25 08:32:33,3,3,3331
2025-03-25 08:32:35,3,3,17662
2025-03-25 08:32:36,1,1,369
2025-03-25 08:32:37,0,0,0
2025-03-25 08:32:39,1,1,309
2025-03-25 08:32:41,1,1,309
2025-03-25 08:32:43,2,2,21938
2025-03-25 08:32:45,1,1,457
2025-03-25 08:32:46,1,1,457
2025-03-25 08:32:48,4,4,1533
2025-03-25 08:32:50,5,5,8884
2025-03-25 08:32:51,1,1,560
2025-03-25 08:32:53,2,2,880
2025-03-25 08:32:54,4,4,1729
2025-03-25 08:32:56,4,4,21710
2025-03-25 08:32:58,0,0,0
2025-03-25 08:33:00,1,1,313
2025-03-25 08:33:02,2,2,946
2025-03-25 08:33:03,0,0,0
2025-03-25 08:33:03,2,2,643
2025-03-25 08:33:04,3,3,3177
2025-03-25 08:33:06,1,1,335
2025-03-25 08:33:08,0,0,0
2025-03-25 08:33:10,1,1,804
2025-03-25 08:33:11,2,2,918
2025-03-25 08:33:13,0,0,0
2025-03-25 08:33:14,0,0,0
2025-03-25 08:33:16,0,0,0
2025-03-25 08:33:18,2,2,7220
2025-03-25 08:33:20,3,3,15236
2025-03-25 08:33:22,1,1,316
2025-03-25 08:33:24,1,1,311
2025-03-25 08:33:27,11,11,152171
2025-03-25 08:33:29,0,0,0
2025-03-25 08:33:30,0,0,0
2025-03-25 08:33:32,3,3,1392
2025-03-25 08:33:30,2,2,638
2025-03-25 08:33:32,0,0,0
2025-03-25 08:33:34,1,1,347
2025-03-25 08:33:36,0,0,0
2025-03-25 08:33:38,2,2,890
2025-03-25 08:33:39,1,1,323
2025-03-25 08:33:41,2,2,8104
2025-03-25 08:33:43,2,2,30797
2025-03-25 08:33:45,0,0,0
2025-03-25 08:33:47,0,0,0
2025-03-25 08:33:48,2,2,1701
2025-03-25 08:33:51,2,2,2063
2025-03-25 08:33:53,0,0,0
2025-03-25 08:33:55,1,1,446
2025-03-25 08:33:57,1,1,312
2025-03-25 08:33:59,2,2,25311
2025-03-25 08:34:01,1,1,481
2025-03-25 08:34:02,3,3,2990
2025-03-25 08:34:02,9,9,50225
2025-03-25 08:34:05,2,2,21891
2025-03-25 08:34:06,2,2,798
2025-03-25 08:34:08,1,1,16772
2025-03-25 08:34:10,2,2,2497
2025-03-25 08:34:12,0,0,0
2025-03-25 08:34:14,0,0,0
2025-03-25 08:34:16,1,1,1922
2025-03-25 08:34:18,2,2,46048
2025-03-25 08:34:20,1,1,442
2025-03-25 08:34:21,1,1,455
2025-03-25 08:34:23,2,2,1097
2025-03-25 08:34:25,3,3,1211
2025-03-25 08:34:27,0,0,0
2025-03-25 08:34:28,5,5,8543
2025-03-25 08:34:30,0,0,0
2025-03-25 08:34:30,5,5,47560
2025-03-25 08:34:33,1,1,29704
2025-03-25 08:34:34,1,1,456
2025-03-25 08:34:36,0,0,0
2025-03-25 08:34:38,2,2,19126
2025-03-25 08:34:40,0,0,0
2025-03-25 08:34:42,2,2,30973
2025-03-25 08:34:44,3,3,45043
2025-03-25 08:34:47,4,4,43782
2025-03-25 08:34:48,0,0,0
2025-03-25 08:34:50,1,1,512
2025-03-25 08:34:52,0,0,0
2025-03-25 08:34:54,1,1,453
2025-03-25 08:34:55,1,1,663
2025-03-25 08:34:57,2,2,924
2025-03-25 08:34:59,3,3,5038
2025-03-25 08:35:01,1,1,2296
2025-03-25 08:35:00,3,3,24441
2025-03-25 08:35:02,2,2,7627
2025-03-25 08:35:04,1,1,444
2025-03-25 08:35:05,1,1,466
2025-03-25 08:35:07,2,2,627
2025-03-25 08:35:09,0,0,0
2025-03-25 08:35:11,2,2,1046
2025-03-25 08:35:12,5,5,3686
2025-03-25 08:35:14,0,0,0
2025-03-25 08:35:16,1,1,319
2025-03-25 08:35:18,0,0,0
2025-03-25 08:35:19,1,1,334
2025-03-25 08:35:21,1,1,438
2025-03-25 08:35:23,1,1,462
2025-03-25 08:35:25,0,0,0
2025-03-25 08:35:26,0,0,0
2025-03-25 08:35:28,0,0,0
2025-03-25 08:35:30,0,0,0
2025-03-25 08:35:31,1,1,385
2025-03-25 08:35:31,1,1,32967
2025-03-25 08:35:33,6,6,50091
2025-03-25 08:35:35,4,4,4010
2025-03-25 08:35:37,27,27,24561
2025-03-25 08:35:39,8,8,7401
2025-03-25 08:35:41,4,4,1956
2025-03-25 08:35:43,5,5,3332
2025-03-25 08:35:44,5,5,25591
2025-03-25 08:35:46,1,1,467
2025-03-25 08:35:48,2,2,24525
2025-03-25 08:35:50,0,0,0
2025-03-25 08:35:51,1,1,325
2025-03-25 08:35:53,0,0,0
2025-03-25 08:35:55,0,0,0
2025-03-25 08:35:57,1,1,7790
2025-03-25 08:35:59,1,1,8157
2025-03-25 08:35:59,2,2,40372
2025-03-25 08:36:01,0,0,0
2025-03-25 08:36:02,0,0,0
2025-03-25 08:36:04,0,0,0
2025-03-25 08:36:05,0,0,0
2025-03-25 08:36:07,1,1,446
2025-03-25 08:36:09,0,0,0
2025-03-25 08:36:11,1,1,325
2025-03-25 08:36:13,1,1,22791
2025-03-25 08:36:15,3,3,1503
2025-03-25 08:36:17,1,1,380
2025-03-25 08:36:18,0,0,0
2025-03-25 08:36:20,2,2,929
2025-03-25 08:36:21,0,0,0
2025-03-25 08:36:23,2,2,787
2025-03-25 08:36:25,2,2,2761
2025-03-25 08:36:26,0,0,0
2025-03-25 08:36:28,0,0,0
2025-03-25 08:36:30,2,2,725
2025-03-25 08:36:29,0,0,0
2025-03-25 08:36:32,2,2,24327
2025-03-25 08:36:34,3,3,24744
2025-03-25 08:36:36,2,2,829
2025-03-25 08:36:38,3,3,1053
2025-03-25 08:36:40,4,4,1621
2025-03-25 08:36:42,2,2,762
2025-03-25 08:36:43,3,3,1223
2025-03-25 08:36:45,1,1,465
2025-03-25 08:36:47,5,5,1874
2025-03-25 08:36:49,4,4,1422
2025-03-25 08:36:50,3,3,1149
2025-03-25 08:36:52,1,1,311
2025-03-25 08:36:54,4,4,1830
2025-03-25 08:36:56,2,2,1138
2025-03-25 08:36:58,1,1,472
2025-03-25 08:37:00,1,1,462
2025-03-25 08:36:58,3,3,1333
2025-03-25 08:37:00,1,1,431
2025-03-25 08:37:02,3,3,1336
2025-03-25 08:37:03,3,3,1336
2025-03-25 08:37:05,4,4,8379
2025-03-25 08:37:07,2,2,1068
2025-03-25 08:37:09,0,0,0
2025-03-25 08:37:11,2,2,20188
2025-03-25 08:37:12,2,2,903
2025-03-25 08:37:14,2,2,646
2025-03-25 08:37:16,0,0,0
2025-03-25 08:37:18,1,1,22576
2025-03-25 08:37:20,1,1,22576
2025-03-25 08:37:22,2,2,34610
2025-03-25 08:37:24,2,2,829
2025-03-25 08:37:25,0,0,0
2025-03-25 08:37:27,3,3,1343
2025-03-25 08:37:29,1,1,593
2025-03-25 08:37:28,3,3,3059
2025-03-25 08:37:30,2,2,2628
2025-03-25 08:37:33,0,0,0
2025-03-25 08:37:36,0,0,0
2025-03-25 08:37:38,0,0,0
2025-03-25 08:37:40,2,2,22979
2025-03-25 08:37:41,0,0,0
2025-03-25 08:37:45,3,3,1286
2025-03-25 08:37:47,3,3,7649
2025-03-25 08:37:49,6,6,25729
2025-03-25 08:37:51,2,2,636
2025-03-25 08:37:52,1,1,603
2025-03-25 08:37:54,0,0,0
2025-03-25 08:37:56,5,5,4187
2025-03-25 08:37:58,7,7,36645
2025-03-25 08:37:59,2,2,18786
2025-03-25 08:38:00,1,1,468
2025-03-25 08:38:03,4,4,1670
2025-03-25 08:38:05,1,1,7236
2025-03-25 08:38:08,2,2,29776
2025-03-25 08:38:10,1,1,468
2025-03-25 08:38:12,3,3,25030
2025-03-25 08:38:13,2,2,921
2025-03-25 08:38:15,1,1,2296
2025-03-25 08:38:17,2,2,17097
2025-03-25 08:38:19,0,0,0
2025-03-25 08:38:21,1,1,4104
2025-03-25 08:38:23,1,1,466
2025-03-25 08:38:25,2,2,7190
2025-03-25 08:38:26,0,0,0
2025-03-25 08:38:28,0,0,0
2025-03-25 08:38:27,0,0,0
2025-03-25 08:38:29,1,1,380
2025-03-25 08:38:32,3,3,32772
2025-03-25 08:38:33,1,1,313
2025-03-25 08:38:35,1,1,324
2025-03-25 08:38:37,0,0,0
2025-03-25 08:38:38,1,1,469
2025-03-25 08:38:40,2,2,2903
2025-03-25 08:38:43,2,2,57132
2025-03-25 08:38:44,1,1,385
2025-03-25 08:38:46,2,2,777
2025-03-25 08:38:47,8,8,3523
2025-03-25 08:38:49,2,2,964
2025-03-25 08:38:51,5,5,43463
2025-03-25 08:38:53,4,4,1435
2025-03-25 08:38:55,2,2,769
2025-03-25 08:38:57,3,3,1266
2025-03-25 08:38:58,3,3,1501
2025-03-25 08:38:57,2,2,845
2025-03-25 08:38:59,2,2,845
2025-03-25 08:39:01,2,2,845
2025-03-25 08:39:03,2,2,890
2025-03-25 08:39:04,4,4,1908
2025-03-25 08:39:06,3,3,1259
2025-03-25 08:39:08,19,19,62361
2025-03-25 08:39:10,6,6,3601
2025-03-25 08:39:12,26,26,33884
2025-03-25 08:39:14,3,3,1223
2025-03-25 08:39:16,0,0,0
2025-03-25 08:39:18,4,4,1978
2025-03-25 08:39:19,2,2,883
2025-03-25 08:39:21,1,1,468
2025-03-25 08:39:23,2,2,938
2025-03-25 08:39:25,1,1,439
2025-03-25 08:39:26,0,0,0
2025-03-25 08:39:28,6,6,9808
2025-03-25 08:39:27,4,4,7796
2025-03-25 08:39:29,4,4,1739
2025-03-25 08:39:32,7,7,43378
2025-03-25 08:39:33,3,3,1367
2025-03-25 08:39:35,4,4,8621
2025-03-25 08:39:37,3,3,8067
2025-03-25 08:39:39,1,1,42603
2025-03-25 08:39:41,1,1,318
2025-03-25 08:39:42,1,1,324
2025-03-25 08:39:44,2,2,914
2025-03-25 08:39:46,1,1,551
2025-03-25 08:39:48,0,0,0
2025-03-25 08:39:49,2,2,852
2025-03-25 08:39:51,1,1,314
2025-03-25 08:39:52,2,2,859
2025-03-25 08:39:54,1,1,687
2025-03-25 08:39:57,1,1,473
2025-03-25 08:39:56,3,3,1083
2025-03-25 08:39:57,2,2,25362
2025-03-25 08:40:00,0,0,0
2025-03-25 08:40:03,5,5,18270
2025-03-25 08:40:04,4,4,1705
2025-03-25 08:40:05,1,1,531
2025-03-25 08:40:07,1,1,531
2025-03-25 08:40:08,2,2,1098
2025-03-25 08:40:11,0,0,0
2025-03-25 08:40:15,0,0,0
2025-03-25 08:40:18,0,0,0
2025-03-25 08:40:19,0,0,0
2025-03-25 08:40:21,3,3,7967
2025-03-25 08:40:23,3,3,1155
2025-03-25 08:40:25,3,3,1166
2025-03-25 08:40:27,1,1,457
2025-03-25 08:40:26,5,5,25458
2025-03-25 08:40:28,1,1,381
2025-03-25 08:40:29,0,0,0
2025-03-25 08:40:31,2,2,17086
2025-03-25 08:40:33,3,3,24193
2025-03-25 08:40:35,2,2,767
2025-03-25 08:40:37,2,2,805
2025-03-25 08:40:38,4,4,1833
2025-03-25 08:40:40,3,3,13465
2025-03-25 08:40:42,0,0,0
2025-03-25 08:40:43,1,1,331
2025-03-25 08:40:45,4,4,20924
2025-03-25 08:40:47,1,1,366
2025-03-25 08:40:49,1,1,461
2025-03-25 08:40:51,0,0,0
2025-03-25 08:40:53,0,0,0
2025-03-25 08:40:55,0,0,0
2025-03-25 08:40:57,2,2,7765
2025-03-25 08:40:56,3,3,29356
2025-03-25 08:40:58,2,2,860
2025-03-25 08:40:59,0,0,0
2025-03-25 08:41:01,0,0,0
2025-03-25 08:41:03,2,2,7313
2025-03-25 08:41:04,0,0,0
2025-03-25 08:41:06,2,2,637
2025-03-25 08:41:07,1,1,443
2025-03-25 08:41:09,2,2,1102
2025-03-25 08:41:11,0,0,0
2025-03-25 08:41:13,2,2,23497
2025-03-25 08:41:15,3,3,23091
2025-03-25 08:41:16,1,1,22443
2025-03-25 08:41:18,2,2,888
2025-03-25 08:41:21,3,3,1370
2025-03-25 08:41:23,0,0,0
2025-03-25 08:41:25,2,2,647
2025-03-25 08:41:27,2,2,829
2025-03-25 08:41:29,4,4,1599
2025-03-25 08:41:30,1,1,334
2025-03-25 08:41:32,2,2,798
2025-03-25 08:41:35,3,3,41452
2025-03-25 08:41:37,2,2,690
2025-03-25 08:41:38,0,0,0
2025-03-25 08:41:40,0,0,0
2025-03-25 08:41:41,1,1,379
2025-03-25 08:41:43,0,0,0
2025-03-25 08:41:45,2,2,768
2025-03-25 08:41:47,2,2,914
2025-03-25 08:41:48,0,0,0
2025-03-25 08:41:50,3,3,1263
2025-03-25 08:41:51,1,1,468
2025-03-25 08:41:53,1,1,312
2025-03-25 08:41:55,0,0,0
2025-03-25 08:41:56,0,0,0
2025-03-25 08:41:55,0,0,0
2025-03-25 08:41:57,0,0,0
2025-03-25 08:41:59,0,0,0
2025-03-25 08:42:01,1,1,551
2025-03-25 08:42:02,0,0,0
2025-03-25 08:42:04,2,2,775
2025-03-25 08:42:06,0,0,0
2025-03-25 08:42:07,0,0,0
2025-03-25 08:42:10,2,2,22654
2025-03-25 08:42:13,1,1,7899
2025-03-25 08:42:15,0,0,0
2025-03-25 08:42:17,1,1,444
2025-03-25 08:42:19,0,0,0
2025-03-25 08:42:21,0,0,0
2025-03-25 08:42:22,1,1,444
2025-03-25 08:42:24,1,1,446
2025-03-25 08:42:26,1,1,312
2025-03-25 08:42:25,0,0,0
2025-03-25 08:42:26,1,1,2131
2025-03-25 08:42:29,4,4,29152
2025-03-25 08:42:31,5,5,29645
2025-03-25 08:42:33,1,1,7321
2025-03-25 08:42:34,4,4,8281
2025-03-25 08:42:38,3,3,8110
2025-03-25 08:42:40,3,3,8249
2025-03-25 08:42:42,4,4,9034
2025-03-25 08:42:44,3,3,58875
2025-03-25 08:42:46,0,0,0
2025-03-25 08:42:48,2,2,755
2025-03-25 08:42:49,5,5,2153
2025-03-25 08:42:51,2,2,7316
2025-03-25 08:42:53,5,5,3181
2025-03-25 08:42:55,2,2,650
2025-03-25 08:42:54,7,7,24940
2025-03-25 08:42:56,2,2,796
2025-03-25 08:42:58,4,4,1725
2025-03-25 08:42:59,4,4,1859
2025-03-25 08:43:01,0,0,0
2025-03-25 08:43:03,1,1,498
2025-03-25 08:43:05,1,1,378
2025-03-25 08:43:06,1,1,324
2025-03-25 08:43:09,2,2,32338
2025-03-25 08:43:11,1,1,469
2025-03-25 08:43:12,1,1,464
2025-03-25 08:43:14,0,0,0
2025-03-25 08:43:16,3,3,13989
2025-03-25 08:43:18,0,0,0
2025-03-25 08:43:20,4,4,85689
2025-03-25 08:43:22,0,0,0
2025-03-25 08:43:24,1,1,369
2025-03-25 08:43:23,1,1,443
2025-03-25 08:43:24,1,1,1777
2025-03-25 08:43:26,4,4,18787
2025-03-25 08:43:29,1,1,601
2025-03-25 08:43:30,0,0,0
2025-03-25 08:43:32,2,2,844
2025-03-25 08:43:34,0,0,0
2025-03-25 08:43:35,0,0,0
2025-03-25 08:43:37,0,0,0
2025-03-25 08:43:39,0,0,0
2025-03-25 08:43:41,3,3,18033
2025-03-25 08:43:43,2,2,783
2025-03-25 08:43:44,0,0,0
2025-03-25 08:43:46,2,2,785
2025-03-25 08:43:48,3,3,1116
2025-03-25 08:43:50,4,4,1707
2025-03-25 08:43:51,2,2,868
2025-03-25 08:43:53,2,2,868
2025-03-25 08:43:53,1,1,41749
2025-03-25 08:43:54,0,0,0
2025-03-25 08:43:56,1,1,446
2025-03-25 08:43:58,1,1,32204
2025-03-25 08:44:00,1,1,335
2025-03-25 08:44:01,1,1,385
2025-03-25 08:44:03,0,0,0
2025-03-25 08:44:04,2,2,628
2025-03-25 08:44:07,1,1,376
2025-03-25 08:44:09,3,3,1375
2025-03-25 08:44:11,3,3,1215
2025-03-25 08:44:13,1,1,16772
2025-03-25 08:44:15,1,1,444
2025-03-25 08:44:17,0,0,0
2025-03-25 08:44:18,3,3,10326
2025-03-25 08:44:20,0,0,0
2025-03-25 08:44:22,0,0,0
2025-03-25 08:44:23,1,1,7008
2025-03-25 08:44:22,1,1,7008
2025-03-25 08:44:26,0,0,0
2025-03-25 08:44:28,1,1,444
2025-03-25 08:44:30,2,2,641
2025-03-25 08:44:32,3,3,955
2025-03-25 08:44:34,7,7,2910
2025-03-25 08:44:36,0,0,0
2025-03-25 08:44:37,0,0,0
2025-03-25 08:44:39,1,1,321
2025-03-25 08:44:41,0,0,0
2025-03-25 08:44:42,0,0,0
2025-03-25 08:44:44,1,1,1174
2025-03-25 08:44:46,1,1,1174
2025-03-25 08:44:48,1,1,22454
2025-03-25 08:44:49,4,4,2049
2025-03-25 08:44:51,0,0,0
2025-03-25 08:44:52,4,4,1886
2025-03-25 08:44:54,8,8,3431
2025-03-25 08:44:53,4,4,1433
2025-03-25 08:44:55,3,3,8619
2025-03-25 08:44:57,1,1,380
2025-03-25 08:44:59,0,0,0
2025-03-25 08:45:00,2,2,863
2025-03-25 08:45:02,2,2,868
2025-03-25 08:45:04,1,1,313
2025-03-25 08:45:05,0,0,0
2025-03-25 08:45:07,0,0,0
2025-03-25 08:45:09,2,2,2765
2025-03-25 08:45:11,7,7,21047
2025-03-25 08:45:12,1,1,385
2025-03-25 08:45:14,0,0,0
2025-03-25 08:45:16,1,1,461
2025-03-25 08:45:18,0,0,0
2025-03-25 08:45:21,0,0,0
2025-03-25 08:45:23,3,3,24252
2025-03-25 08:45:22,4,4,23951
2025-03-25 08:45:26,0,0,0
2025-03-25 08:45:28,2,2,19496
2025-03-25 08:45:29,1,1,313
2025-03-25 08:45:31,0,0,0
2025-03-25 08:45:33,1,1,444
2025-03-25 08:45:35,0,0,0
2025-03-25 08:45:37,3,3,1309
2025-03-25 08:45:38,1,1,446
2025-03-25 08:45:41,2,2,40040
2025-03-25 08:45:42,4,4,1833
2025-03-25 08:45:44,0,0,0
2025-03-25 08:45:46,3,3,1539
2025-03-25 08:45:48,1,1,2296
2025-03-25 08:45:49,1,1,16772
2025-03-25 08:45:51,2,2,785
2025-03-25 08:45:53,1,1,394
2025-03-25 08:45:52,2,2,704
2025-03-25 08:45:53,2,2,902
2025-03-25 08:45:55,3,3,1347
2025-03-25 08:45:57,2,2,755
2025-03-25 08:45:58,1,1,310
2025-03-25 08:46:00,2,2,975
2025-03-25 08:46:02,2,2,835
2025-03-25 08:46:03,0,0,0
2025-03-25 08:46:05,1,1,378
2025-03-25 08:46:07,1,1,446
2025-03-25 08:46:09,2,2,7634
2025-03-25 08:46:11,4,4,32516
2025-03-25 08:46:13,5,5,32852
2025-03-25 08:46:15,1,1,384
2025-03-25 08:46:17,1,1,314
2025-03-25 08:46:19,1,1,453
2025-03-25 08:46:21,0,0,0
2025-03-25 08:46:22,1,1,454
2025-03-25 08:46:21,0,0,0
2025-03-25 08:46:23,2,2,907
2025-03-25 08:46:24,1,1,383
2025-03-25 08:46:26,1,1,313
2025-03-25 08:46:28,2,2,1669
2025-03-25 08:46:29,2,2,758
2025-03-25 08:46:30,2,2,754
2025-03-25 08:46:32,6,6,2651
2025-03-25 08:46:34,0,0,0
2025-03-25 08:46:36,1,1,520
2025-03-25 08:46:37,1,1,379
2025-03-25 08:46:39,3,3,1456
2025-03-25 08:46:41,1,1,310
2025-03-25 08:46:43,2,2,23729
2025-03-25 08:46:45,1,1,446
2025-03-25 08:46:47,0,0,0
2025-03-25 08:46:48,2,2,769
2025-03-25 08:46:49,0,0,0
2025-03-25 08:46:51,0,0,0
2025-03-25 08:46:50,0,0,0
2025-03-25 08:46:52,1,1,17063
2025-03-25 08:46:54,0,0,0
2025-03-25 08:46:56,0,0,0
2025-03-25 08:46:58,0,0,0
2025-03-25 08:46:59,1,1,459
2025-03-25 08:47:01,0,0,0
2025-03-25 08:47:03,0,0,0
2025-03-25 08:47:05,2,2,905
2025-03-25 08:47:07,0,0,0
2025-03-25 08:47:09,2,2,12895
2025-03-25 08:47:11,2,2,821
2025-03-25 08:47:13,2,2,8168
2025-03-25 08:47:14,0,0,0
2025-03-25 08:47:16,1,1,313
2025-03-25 08:47:18,1,1,457
2025-03-25 08:47:20,0,0,0
2025-03-25 08:47:22,2,2,28872
2025-03-25 08:47:21,0,0,0
2025-03-25 08:47:23,1,1,611
2025-03-25 08:47:25,4,4,16758
2025-03-25 08:47:27,2,2,43101
2025-03-25 08:47:28,2,2,934
2025-03-25 08:47:30,1,1,313
2025-03-25 08:47:32,0,0,0
2025-03-25 08:47:36,0,0,0
2025-03-25 08:47:37,0,0,0
2025-03-25 08:47:39,2,2,26434
2025-03-25 08:47:41,2,2,11301
2025-03-25 08:47:43,1,1,396
2025-03-25 08:47:45,0,0,0
2025-03-25 08:47:47,2,2,11282
2025-03-25 08:47:49,2,2,1339
2025-03-25 08:47:50,2,2,760
2025-03-25 08:47:50,1,1,311
2025-03-25 08:47:52,0,0,0
2025-03-25 08:47:53,1,1,7171
2025-03-25 08:47:55,0,0,0
2025-03-25 08:47:57,0,0,0
2025-03-25 08:47:59,2,2,910
2025-03-25 08:48:00,0,0,0
2025-03-25 08:48:02,1,1,377
2025-03-25 08:48:04,0,0,0
2025-03-25 08:48:06,0,0,0
2025-03-25 08:48:08,0,0,0
2025-03-25 08:48:09,0,0,0
2025-03-25 08:48:11,2,2,903
2025-03-25 08:48:13,0,0,0
2025-03-25 08:48:15,3,3,1001
2025-03-25 08:48:16,3,3,1133
2025-03-25 08:48:18,2,2,831
2025-03-25 08:48:20,1,1,310
2025-03-25 08:48:22,1,1,378
2025-03-25 08:48:21,0,0,0
2025-03-25 08:48:23,2,2,19410
2025-03-25 08:48:25,0,0,0
2025-03-25 08:48:27,0,0,0
2025-03-25 08:48:29,0,0,0
2025-03-25 08:48:31,0,0,0
2025-03-25 08:48:32,7,7,3035
2025-03-25 08:48:34,9,9,3794
2025-03-25 08:48:35,9,9,3794
2025-03-25 08:48:37,2,2,1428
2025-03-25 08:48:38,0,0,0
2025-03-25 08:48:40,0,0,0
2025-03-25 08:48:42,4,4,3562
2025-03-25 08:48:44,3,3,17234
2025-03-25 08:48:46,1,1,312
2025-03-25 08:48:48,0,0,0
2025-03-25 08:48:49,1,1,378
2025-03-25 08:48:51,0,0,0
2025-03-25 08:48:50,1,1,444
2025-03-25 08:48:52,2,2,32842
2025-03-25 08:48:54,2,2,625
2025-03-25 08:48:57,2,2,22984
2025-03-25 08:49:00,0,0,0
2025-03-25 08:49:02,1,1,18411
2025-03-25 08:49:04,1,1,7082
2025-03-25 08:49:05,0,0,0
2025-03-25 08:49:07,1,1,379
2025-03-25 08:49:09,2,2,28242
2025-03-25 08:49:11,0,0,0
2025-03-25 08:49:13,2,2,63329
2025-03-25 08:49:15,0,0,0
2025-03-25 08:49:16,0,0,0
2025-03-25 08:49:19,3,3,1250
2025-03-25 08:49:21,0,0,0
2025-03-25 08:49:21,0,0,0
2025-03-25 08:49:24,1,1,40278
2025-03-25 08:49:26,0,0,0
2025-03-25 08:49:28,1,1,22467
2025-03-25 08:49:30,1,1,540
2025-03-25 08:49:31,0,0,0
2025-03-25 08:49:33,1,1,323
2025-03-25 08:49:35,1,1,379
2025-03-25 08:49:37,1,1,464
2025-03-25 08:49:38,1,1,464
2025-03-25 08:49:40,1,1,382
2025-03-25 08:49:41,1,1,310
2025-03-25 08:49:43,1,1,333
2025-03-25 08:49:45,0,0,0
2025-03-25 08:49:47,2,2,823
2025-03-25 08:49:48,0,0,0
2025-03-25 08:49:50,0,0,0
2025-03-25 08:49:48,0,0,0
2025-03-25 08:49:50,0,0,0
2025-03-25 08:49:52,1,1,345
2025-03-25 08:49:54,1,1,16761
2025-03-25 08:49:55,1,1,445
2025-03-25 08:49:57,0,0,0
2025-03-25 08:49:59,2,2,754
2025-03-25 08:50:01,2,2,918
2025-03-25 08:50:02,1,1,314
2025-03-25 08:50:04,0,0,0
2025-03-25 08:50:06,0,0,0
2025-03-25 08:50:07,0,0,0
2025-03-25 08:50:09,1,1,12267
2025-03-25 08:50:11,1,1,329
2025-03-25 08:50:12,2,2,818
2025-03-25 08:50:14,1,1,376
2025-03-25 08:50:16,1,1,376
2025-03-25 08:50:17,1,1,322
2025-03-25 08:50:20,1,1,29096
2025-03-25 08:50:19,4,4,1981
2025-03-25 08:50:20,3,3,1457
2025-03-25 08:50:22,5,5,28167
2025-03-25 08:50:24,2,2,783
2025-03-25 08:50:26,15,15,7069
2025-03-25 08:50:28,5,5,9493
2025-03-25 08:50:30,4,4,1841
2025-03-25 08:50:32,3,3,7985
2025-03-25 08:50:33,2,2,760
2025-03-25 08:50:34,0,0,0
2025-03-25 08:50:36,2,2,699
2025-03-25 08:50:38,2,2,901
2025-03-25 08:50:40,2,2,754
2025-03-25 08:50:42,5,5,2130
2025-03-25 08:50:43,3,3,971
2025-03-25 08:50:45,3,3,1321
2025-03-25 08:50:47,3,3,1364
2025-03-25 08:50:48,1,1,440
2025-03-25 08:50:49,1,1,468
2025-03-25 08:50:51,2,2,2764
2025-03-25 08:50:53,0,0,0
2025-03-25 08:50:54,0,0,0
2025-03-25 08:50:56,0,0,0
2025-03-25 08:50:57,0,0,0
2025-03-25 08:51:01,0,0,0
2025-03-25 08:51:03,1,1,324
2025-03-25 08:51:04,1,1,325
2025-03-25 08:51:06,2,2,9241
2025-03-25 08:51:07,0,0,0
2025-03-25 08:51:09,1,1,466
2025-03-25 08:51:10,1,1,376
2025-03-25 08:51:12,0,0,0
2025-03-25 08:51:16,0,0,0
2025-03-25 08:51:17,0,0,0
2025-03-25 08:51:19,1,1,440
2025-03-25 08:51:19,0,0,0
2025-03-25 08:51:21,0,0,0
2025-03-25 08:51:22,0,0,0
2025-03-25 08:51:24,0,0,0
2025-03-25 08:51:26,0,0,0
2025-03-25 08:51:28,1,1,456
2025-03-25 08:51:30,1,1,459
2025-03-25 08:51:32,1,1,459
2025-03-25 08:51:34,3,3,7721
2025-03-25 08:51:37,4,4,8031
2025-03-25 08:51:38,3,3,3182
2025-03-25 08:51:39,4,4,3452
2025-03-25 08:51:41,2,2,8112
2025-03-25 08:51:43,2,2,856
2025-03-25 08:51:45,0,0,0
2025-03-25 08:51:47,3,3,2205
2025-03-25 08:51:48,2,2,925
2025-03-25 08:51:47,2,2,687
2025-03-25 08:51:49,1,1,323
2025-03-25 08:51:50,1,1,323
2025-03-25 08:51:52,3,3,969
2025-03-25 08:51:54,3,3,1229
2025-03-25 08:51:55,2,2,991
2025-03-25 08:51:57,3,3,3208
2025-03-25 08:51:59,5,5,2333
2025-03-25 08:52:01,2,2,20880
2025-03-25 08:52:02,3,3,981
2025-03-25 08:52:04,2,2,1891
2025-03-25 08:52:05,6,6,2915
2025-03-25 08:52:07,4,4,1718
2025-03-25 08:52:08,5,5,2166
2025-03-25 08:52:10,9,9,4071
2025-03-25 08:52:13,3,3,1263
2025-03-25 08:52:17,0,0,0
2025-03-25 08:52:19,0,0,0
2025-03-25 08:52:18,2,2,17106
2025-03-25 08:52:20,0,0,0
2025-03-25 08:52:21,0,0,0
2025-03-25 08:52:23,0,0,0
2025-03-25 08:52:25,0,0,0
2025-03-25 08:52:27,1,1,6815
2025-03-25 08:52:29,1,1,22948
2025-03-25 08:52:31,2,2,23005
2025-03-25 08:52:32,1,1,982
2025-03-25 08:52:34,0,0,0
2025-03-25 08:52:36,1,1,22512
2025-03-25 08:52:38,1,1,454
2025-03-25 08:52:40,0,0,0
2025-03-25 08:52:41,0,0,0
2025-03-25 08:52:43,1,1,539
2025-03-25 08:52:45,1,1,444
2025-03-25 08:52:46,2,2,855
2025-03-25 08:52:46,1,1,378
2025-03-25 08:52:48,1,1,462
2025-03-25 08:52:49,3,3,1011
2025-03-25 08:52:51,3,3,20462
2025-03-25 08:52:53,2,2,16432
2025-03-25 08:52:56,1,1,31531
2025-03-25 08:52:57,0,0,0
2025-03-25 08:52:59,0,0,0
2025-03-25 08:53:01,2,2,648
2025-03-25 08:53:03,1,1,379
2025-03-25 08:53:05,5,5,2853
2025-03-25 08:53:06,1,1,468
2025-03-25 08:53:08,0,0,0
2025-03-25 08:53:09,3,3,1342
2025-03-25 08:53:13,1,1,459
2025-03-25 08:53:15,1,1,498
2025-03-25 08:53:16,2,2,1014
2025-03-25 08:53:15,2,2,707
2025-03-25 08:53:17,2,2,783
2025-03-25 08:53:21,3,3,1404
2025-03-25 08:53:22,0,0,0
2025-03-25 08:53:24,4,4,1753
2025-03-25 08:53:26,0,0,0
2025-03-25 08:53:27,0,0,0
2025-03-25 08:53:31,2,2,9607
2025-03-25 08:53:35,1,1,9245
2025-03-25 08:53:36,1,1,316
2025-03-25 08:53:38,2,2,17210
2025-03-25 08:53:40,0,0,0
2025-03-25 08:53:42,1,1,552
2025-03-25 08:53:44,1,1,400
2025-03-25 08:53:46,4,4,1758
2025-03-25 08:53:45,25,25,13254
2025-03-25 08:53:47,17,17,9068
2025-03-25 08:53:49,4,4,23622
2025-03-25 08:53:51,12,12,5315
2025-03-25 08:53:53,5,5,2226
2025-03-25 08:53:54,9,9,4064
2025-03-25 08:53:56,9,9,11206
2025-03-25 08:53:58,7,7,3995
2025-03-25 08:54:00,2,2,792
2025-03-25 08:54:01,3,3,1297
2025-03-25 08:54:03,1,1,23442
2025-03-25 08:54:06,2,2,41421
2025-03-25 08:54:07,2,2,712
2025-03-25 08:54:09,1,1,462
2025-03-25 08:54:11,2,2,649
2025-03-25 08:54:13,3,3,1231
2025-03-25 08:54:15,4,4,1687
2025-03-25 08:54:16,1,1,444
2025-03-25 08:54:15,1,1,508
2025-03-25 08:54:17,3,3,48326
2025-03-25 08:54:19,0,0,0
2025-03-25 08:54:20,2,2,2624
2025-03-25 08:54:22,2,2,17227
2025-03-25 08:54:24,2,2,825
2025-03-25 08:54:26,0,0,0
2025-03-25 08:54:28,2,2,768
2025-03-25 08:54:30,1,1,16772
2025-03-25 08:54:32,1,1,468
2025-03-25 08:54:33,4,4,1669
2025-03-25 08:54:35,0,0,0
2025-03-25 08:54:37,1,1,468
2025-03-25 08:54:39,0,0,0
2025-03-25 08:54:40,0,0,0
2025-03-25 08:54:42,0,0,0
2025-03-25 08:54:44,2,2,1021
2025-03-25 08:54:46,2,2,1185
2025-03-25 08:54:45,2,2,986
2025-03-25 08:54:47,0,0,0
2025-03-25 08:54:48,0,0,0
2025-03-25 08:54:50,3,3,19140
2025-03-25 08:54:52,1,1,323
2025-03-25 08:54:54,6,6,2589
2025-03-25 08:54:56,3,3,7803
2025-03-25 08:54:58,3,3,23091
2025-03-25 08:55:00,2,2,782
2025-03-25 08:55:01,5,5,1962
2025-03-25 08:55:03,8,8,3095
2025-03-25 08:55:05,2,2,633
2025-03-25 08:55:07,2,2,913
2025-03-25 08:55:08,1,1,28481
2025-03-25 08:55:10,2,2,862
2025-03-25 08:55:11,2,2,23303
2025-03-25 08:55:12,0,0,0
2025-03-25 08:55:14,1,1,466
2025-03-25 08:55:13,0,0,0
2025-03-25 08:55:15,1,1,444
2025-03-25 08:55:17,2,2,23039
2025-03-25 08:55:18,0,0,0
2025-03-25 08:55:19,1,1,473
2025-03-25 08:55:21,8,8,24523
2025-03-25 08:55:24,6,6,23528
2025-03-25 08:55:26,1,1,21317
2025-03-25 08:55:28,1,1,462
2025-03-25 08:55:30,1,1,565
2025-03-25 08:55:31,2,2,1105
2025-03-25 08:55:33,0,0,0
2025-03-25 08:55:35,1,1,444
2025-03-25 08:55:37,0,0,0
2025-03-25 08:55:39,2,2,31410
2025-03-25 08:55:41,1,1,460
2025-03-25 08:55:42,0,0,0
2025-03-25 08:55:45,0,0,0
2025-03-25 08:55:46,0,0,0
2025-03-25 08:55:50,0,0,0
2025-03-25 08:55:51,0,0,0
2025-03-25 08:55:53,2,2,914
2025-03-25 08:55:55,0,0,0
2025-03-25 08:55:57,0,0,0
2025-03-25 08:55:58,0,0,0
2025-03-25 08:56:00,2,2,1004
2025-03-25 08:56:02,3,3,9288
2025-03-25 08:56:04,1,1,1927
2025-03-25 08:56:05,2,2,774
2025-03-25 08:56:07,5,5,1783
2025-03-25 08:56:09,1,1,543
2025-03-25 08:56:11,1,1,316
2025-03-25 08:56:13,2,2,8173
2025-03-25 08:56:14,3,3,1017
2025-03-25 08:56:13,3,3,1017
2025-03-25 08:56:15,1,1,314
2025-03-25 08:56:17,1,1,1224
2025-03-25 08:56:19,0,0,0
2025-03-25 08:56:20,2,2,780
2025-03-25 08:56:22,3,3,24422
2025-03-25 08:56:24,3,3,48440
2025-03-25 08:56:26,1,1,8297
2025-03-25 08:56:28,3,3,1615
2025-03-25 08:56:30,4,4,1899
2025-03-25 08:56:32,5,5,21664
2025-03-25 08:56:34,1,1,379
2025-03-25 08:56:35,1,1,328
2025-03-25 08:56:37,4,4,1674
2025-03-25 08:56:39,0,0,0
2025-03-25 08:56:41,2,2,825
2025-03-25 08:56:43,1,1,509
2025-03-25 08:56:44,2,2,769
2025-03-25 08:56:43,4,4,1745
2025-03-25 08:56:45,3,3,1300
2025-03-25 08:56:47,0,0,0
2025-03-25 08:56:48,2,2,649
2025-03-25 08:56:50,1,1,334
2025-03-25 08:56:51,1,1,338
2025-03-25 08:56:53,1,1,9372
2025-03-25 08:56:54,1,1,9372
2025-03-25 08:56:56,1,1,440
2025-03-25 08:56:58,1,1,440
2025-03-25 08:56:59,0,0,0
2025-03-25 08:57:01,1,1,27515
2025-03-25 08:57:03,3,3,69984
2025-03-25 08:57:05,1,1,1927
2025-03-25 08:57:07,0,0,0
2025-03-25 08:57:09,3,3,1271
2025-03-25 08:57:10,3,3,950
2025-03-25 08:57:12,3,3,1347
2025-03-25 08:57:14,2,2,843
2025-03-25 08:57:13,1,1,562
2025-03-25 08:57:15,3,3,1120
2025-03-25 08:57:16,1,1,419
2025-03-25 08:57:18,6,6,2669
2025-03-25 08:57:20,0,0,0
2025-03-25 08:57:21,1,1,311
2025-03-25 08:57:23,3,3,1029
2025-03-25 08:57:25,2,2,862
2025-03-25 08:57:27,1,1,417
2025-03-25 08:57:29,3,3,19557
2025-03-25 08:57:31,0,0,0
2025-03-25 08:57:33,2,2,23954
2025-03-25 08:57:35,1,1,23462
2025-03-25 08:57:37,2,2,23485
2025-03-25 08:57:39,1,1,379
2025-03-25 08:57:41,4,4,1478
2025-03-25 08:57:42,1,1,28260
2025-03-25 08:57:41,1,1,568
2025-03-25 08:57:43,3,3,1263
